<ImportExportXml xmlns:xsi="http://www.w3.org/2001/XMLSchema-instance">
  <Entities>
    <Entity>
      <Name LocalizedName="Account" OriginalName="">Account</Name>
      <EntityInfo>
        <entity Name="Account" unmodified="1">
          <attributes />
        </entity>
      </EntityInfo>
      <RibbonDiffXml>
        <CustomActions />
        <Templates>
          <RibbonTemplates Id="Mscrm.Templates"></RibbonTemplates>
        </Templates>
        <CommandDefinitions />
        <RuleDefinitions>
          <TabDisplayRules />
          <DisplayRules />
          <EnableRules />
        </RuleDefinitions>
        <LocLabels />
      </RibbonDiffXml>
    </Entity>
    <Entity>
      <Name LocalizedName="Contact" OriginalName="">Contact</Name>
      <EntityInfo>
        <entity Name="Contact" unmodified="1">
          <attributes />
        </entity>
      </EntityInfo>
      <RibbonDiffXml>
        <CustomActions />
        <Templates>
          <RibbonTemplates Id="Mscrm.Templates"></RibbonTemplates>
        </Templates>
        <CommandDefinitions />
        <RuleDefinitions>
          <TabDisplayRules />
          <DisplayRules />
          <EnableRules />
        </RuleDefinitions>
        <LocLabels />
      </RibbonDiffXml>
    </Entity>
    <Entity>
      <Name LocalizedName="Transaction" OriginalName="Transaction">msnfp_Transaction</Name>
      <EntityInfo>
        <entity Name="msnfp_Transaction" unmodified="1">
          <attributes />
        </entity>
      </EntityInfo>
      <RibbonDiffXml>
        <CustomActions />
        <Templates>
          <RibbonTemplates Id="Mscrm.Templates"></RibbonTemplates>
        </Templates>
        <CommandDefinitions />
        <RuleDefinitions>
          <TabDisplayRules />
          <DisplayRules />
          <EnableRules />
        </RuleDefinitions>
        <LocLabels />
      </RibbonDiffXml>
    </Entity>
  </Entities>
  <Roles></Roles>
  <Workflows>
    <Workflow WorkflowId="{8e1cceec-fbfe-ed11-8f6e-00224804902a}" Name="Call OpenAI for Gift Acknowledgement">
      <JsonFileName>/Workflows/CallOpenAIforGiftAcknowledgement-8E1CCEEC-FBFE-ED11-8F6E-00224804902A.json</JsonFileName>
      <Type>1</Type>
      <Subprocess>0</Subprocess>
      <Category>5</Category>
      <Mode>0</Mode>
      <Scope>4</Scope>
      <OnDemand>0</OnDemand>
      <TriggerOnCreate>0</TriggerOnCreate>
      <TriggerOnDelete>0</TriggerOnDelete>
      <AsyncAutodelete>0</AsyncAutodelete>
      <SyncWorkflowLogOnFailure>0</SyncWorkflowLogOnFailure>
      <StateCode>1</StateCode>
      <StatusCode>2</StatusCode>
      <RunAs>1</RunAs>
      <IsTransacted>1</IsTransacted>
      <IntroducedVersion>1.0.0.0</IntroducedVersion>
      <IsCustomizable>1</IsCustomizable>
      <BusinessProcessType>0</BusinessProcessType>
      <IsCustomProcessingStepAllowedForOtherPublishers>1</IsCustomProcessingStepAllowedForOtherPublishers>
      <PrimaryEntity>none</PrimaryEntity>
      <LocalizedNames>
        <LocalizedName languagecode="1033" description="Call OpenAI for Gift Acknowledgement" />
      </LocalizedNames>
    </Workflow>
  </Workflows>
  <FieldSecurityProfiles></FieldSecurityProfiles>
  <Templates />
  <EntityMaps />
  <EntityRelationships />
  <OrganizationSettings />
  <optionsets />
  <WebResources>
    <WebResource>
      <WebResourceId>{cbdc0c32-9d00-ee11-8f6e-00224804902a}</WebResourceId>
      <Name>two_/scripts/Two.Ribbon.GiftRequest.js</Name>
      <DisplayName>two_/scripts/Two.Ribbon.GiftRequest.js</DisplayName>
      <LanguageCode>0</LanguageCode>
      <WebResourceType>3</WebResourceType>
      <IntroducedVersion>1.0.0.0</IntroducedVersion>
      <IsEnabledForMobileClient>0</IsEnabledForMobileClient>
      <IsAvailableForMobileOffline>0</IsAvailableForMobileOffline>
      <IsCustomizable>1</IsCustomizable>
      <CanBeDeleted>1</CanBeDeleted>
      <IsHidden>0</IsHidden>
      <FileName>/WebResources/two_scriptsTwoRibbonGiftRequestjsCBDC0C32-9D00-EE11-8F6E-00224804902A</FileName>
    </WebResource>
  </WebResources>
  <CustomControls />
  <AppModuleSiteMaps>
    <AppModuleSiteMap>
      <SiteMapUniqueName>msnfp_FundraisingandEngagement</SiteMapUniqueName>
      <EnableCollapsibleGroups>True</EnableCollapsibleGroups>
      <ShowHome>True</ShowHome>
      <ShowPinned>True</ShowPinned>
      <ShowRecents>True</ShowRecents>
      <SiteMap IntroducedVersion="7.0.0.0">
        <Area Id="Development" ResourceId="SitemapDesigner.NewArea" DescriptionResourceId="SitemapDesigner.NewArea" ShowGroups="true" IntroducedVersion="7.0.0.0">
          <Titles>
            <Title LCID="1033" Title="Development" />
          </Titles>
          <Group Id="New_Group" ResourceId="SitemapDesigner.NewGroup" DescriptionResourceId="SitemapDesigner.NewGroup" IntroducedVersion="7.0.0.0" IsProfile="false" ToolTipResourseId="SitemapDesigner.Unknown">
            <Titles>
              <Title LCID="1033" Title="Workplace" />
            </Titles>
            <SubArea Id="NewSubArea_c8e1ec98" ResourceId="Homepage_Dashboards" DescriptionResourceId="Dashboards_Description" Url="/workplace/home_dashboards.aspx" DefaultDashboard="2c2bd880-42e5-ea11-a817-000d3a0c94a6" Client="All,Outlook,OutlookLaptopClient,OutlookWorkstationClient,Web" AvailableOffline="true" PassParams="false" Sku="All,OnPremise,Live,SPLA">
              <Titles>
                <Title LCID="1033" Title="Dashboards" />
              </Titles>
            </SubArea>
            <SubArea Id="New_SubArea" Icon="/_imgs/imagestrips/transparent_spacer.gif" IntroducedVersion="7.0.0.0" Entity="activitypointer" Client="All,Outlook,OutlookLaptopClient,OutlookWorkstationClient,Web" AvailableOffline="true" PassParams="false" Sku="All,OnPremise,Live,SPLA">
              <Titles>
                <Title LCID="1033" Title="Activities" />
              </Titles>
            </SubArea>
          </Group>
          <Group Id="NewGroup_07602112" ResourceId="SitemapDesigner.NewGroup" IsProfile="false" ToolTipResourseId="SitemapDesigner.Unknown">
            <Titles>
              <Title LCID="1033" Title="Relationships" />
            </Titles>
            <SubArea Id="NewSubArea_0d212671" Icon="/_imgs/imagestrips/transparent_spacer.gif" Entity="contact" Client="All,Outlook,OutlookLaptopClient,OutlookWorkstationClient,Web" AvailableOffline="true" PassParams="false" Sku="All,OnPremise,Live,SPLA" />
            <SubArea Id="NewSubArea_2d01768c" ResourceId="SitemapDesigner.NewSubArea" VectorIcon="/WebResources/msnfp_accountsvg" Icon="/WebResources/msnfp_accountsvg" Url="/main.aspx?pagetype=entitylist&amp;etn=account&amp;viewid={B4045EBC-CBD3-E811-A960-000D3A37870E}" Client="All,Outlook,OutlookLaptopClient,OutlookWorkstationClient,Web" AvailableOffline="true" PassParams="false" Sku="All,OnPremise,Live,SPLA">
              <Titles>
                <Title LCID="1033" Title="Organizations" />
              </Titles>
            </SubArea>
            <SubArea Id="NewSubArea_6bafd7e5" VectorIcon="/WebResources/msnfp_accountsvg" Icon="/WebResources/msnfp_accountsvg" Url="/main.aspx?pagetype=entitylist&amp;etn=account&amp;viewid={24E7AF6C-5FDC-E811-A962-000D3A3780DD}" Client="All,Outlook,OutlookLaptopClient,OutlookWorkstationClient,Web" AvailableOffline="true" PassParams="false" Sku="All,Live,OnPremise,SPLA">
              <Titles>
                <Title LCID="1033" Title="Households" />
              </Titles>
            </SubArea>
          </Group>
          <Group Id="NewGroup_38fb474f" ResourceId="SitemapDesigner.NewGroup" IsProfile="false" ToolTipResourseId="SitemapDesigner.Unknown">
            <Titles>
              <Title LCID="1033" Title="Prospecting" />
            </Titles>
            <SubArea Id="NewSubArea_e7a8aa76" Icon="/_imgs/imagestrips/transparent_spacer.gif" Entity="opportunity" Client="All,Outlook,OutlookLaptopClient,OutlookWorkstationClient,Web" AvailableOffline="true" PassParams="false" Sku="All,OnPremise,Live,SPLA" />
            <SubArea Id="NewSubArea_cf4ea4b3" Icon="/_imgs/imagestrips/transparent_spacer.gif" Entity="msnfp_report" Client="All,Outlook,OutlookLaptopClient,OutlookWorkstationClient,Web" AvailableOffline="true" PassParams="false" Sku="All,OnPremise,Live,SPLA" />
          </Group>
          <Group Id="NewGroup_1c5d354f" ResourceId="SitemapDesigner.NewGroup" IsProfile="false" ToolTipResourseId="SitemapDesigner.Unknown">
            <Titles>
              <Title LCID="1033" Title="Manage Gifts" />
            </Titles>
            <SubArea Id="NewSubArea_e154585b" Icon="/_imgs/imagestrips/transparent_spacer.gif" Entity="msnfp_transaction" Client="All,Outlook,OutlookLaptopClient,OutlookWorkstationClient,Web" AvailableOffline="true" PassParams="false" Sku="All,OnPremise,Live,SPLA" />
            <SubArea Id="NewSubArea_4b8082a6" Icon="/_imgs/imagestrips/transparent_spacer.gif" Entity="msnfp_donorcommitment" Client="All,Outlook,OutlookLaptopClient,OutlookWorkstationClient,Web" AvailableOffline="true" PassParams="false" Sku="All,OnPremise,Live,SPLA" />
            <SubArea Id="NewSubArea_6b813fec" Icon="/_imgs/imagestrips/transparent_spacer.gif" Entity="msnfp_paymentschedule" Client="All,Outlook,OutlookLaptopClient,OutlookWorkstationClient,Web" AvailableOffline="true" PassParams="false" Sku="All,OnPremise,Live,SPLA" />
          </Group>
          <Group Id="NewGroup_5f6b130a" ResourceId="SitemapDesigner.NewGroup" IsProfile="false" ToolTipResourseId="SitemapDesigner.Unknown">
            <Titles>
              <Title LCID="1033" Title="Match Gifts" />
            </Titles>
            <SubArea Id="NewSubArea_dad29f15" Icon="/_imgs/imagestrips/transparent_spacer.gif" Entity="msnfp_pledgematch" Client="All,Outlook,OutlookLaptopClient,OutlookWorkstationClient,Web" AvailableOffline="true" PassParams="false" Sku="All,OnPremise,Live,SPLA" />
          </Group>
          <Group Id="Development_Learn" ResourceId="SitemapDesigner.NewGroup" IsProfile="false" ToolTipResourseId="SitemapDesigner.Unknown">
            <Titles>
              <Title LCID="1033" Title="Learn" />
            </Titles>
            <SubArea Id="Development_Resources" VectorIcon="/WebResources/msnfp_/images/Resources.icon.svg" Icon="/WebResources/msnfp_/images/Resources.icon.svg" Entity="msnfp_getstarted" Client="All,Outlook,OutlookLaptopClient,OutlookWorkstationClient,Web" AvailableOffline="true" PassParams="false" Sku="All,OnPremise,Live,SPLA">
              <Titles>
                <Title LCID="1033" Title="Resources" />
              </Titles>
            </SubArea>
          </Group>
        </Area>
        <Area Id="NewArea_765ce97c" ResourceId="SitemapDesigner.NewArea" ShowGroups="false">
          <Titles>
            <Title LCID="1033" Title="Fundraising" />
          </Titles>
          <Group Id="NewGroup_43a87839" ResourceId="SitemapDesigner.NewGroup" IsProfile="false" ToolTipResourseId="SitemapDesigner.Unknown">
            <Titles>
              <Title LCID="1033" Title="Workplace" />
            </Titles>
            <SubArea Id="NewSubArea_f5d56a59" ResourceId="Homepage_Dashboards" DescriptionResourceId="Dashboards_Description" Url="/workplace/home_dashboards.aspx" DefaultDashboard="75d41801-c0e7-ea11-a817-000d3a303484" Client="All,Outlook,OutlookLaptopClient,OutlookWorkstationClient,Web" AvailableOffline="true" PassParams="false" Sku="All,OnPremise,Live,SPLA">
              <Titles>
                <Title LCID="1033" Title="Dashboards" />
              </Titles>
            </SubArea>
            <SubArea Id="NewSubArea_98531b39" Icon="/_imgs/imagestrips/transparent_spacer.gif" Entity="activitypointer" Client="All,Outlook,OutlookLaptopClient,OutlookWorkstationClient,Web" AvailableOffline="true" PassParams="false" Sku="All,OnPremise,Live,SPLA" />
          </Group>
          <Group Id="NewGroup_ac3dc72f" ResourceId="SitemapDesigner.NewGroup" IsProfile="false" ToolTipResourseId="SitemapDesigner.Unknown">
            <Titles>
              <Title LCID="1033" Title="Relationships" />
            </Titles>
            <SubArea Id="NewSubArea_240247a9" Icon="/_imgs/imagestrips/transparent_spacer.gif" Entity="contact" Client="All,Outlook,OutlookLaptopClient,OutlookWorkstationClient,Web" AvailableOffline="true" PassParams="false" Sku="All,OnPremise,Live,SPLA" />
            <SubArea Id="NewSubArea_2cf23fbd" ResourceId="SitemapDesigner.NewSubArea" VectorIcon="/WebResources/msnfp_accountsvg" Icon="/WebResources/msnfp_accountsvg" Url="/main.aspx?pagetype=entitylist&amp;etn=account&amp;viewid={B4045EBC-CBD3-E811-A960-000D3A37870E}" Client="All,Outlook,OutlookLaptopClient,OutlookWorkstationClient,Web" AvailableOffline="true" PassParams="false" Sku="All,OnPremise,Live,SPLA">
              <Titles>
                <Title LCID="1033" Title="Organizations" />
              </Titles>
            </SubArea>
            <SubArea Id="NewSubArea_089bc35c" ResourceId="SitemapDesigner.NewSubArea" VectorIcon="/WebResources/msnfp_accountsvg" Icon="/WebResources/msnfp_accountsvg" Url="/main.aspx?pagetype=entitylist&amp;etn=account&amp;viewid={24E7AF6C-5FDC-E811-A962-000D3A3780DD}" Client="All,Outlook,OutlookLaptopClient,OutlookWorkstationClient,Web" AvailableOffline="true" PassParams="false" Sku="All,OnPremise,Live,SPLA">
              <Titles>
                <Title LCID="1033" Title="Households" />
              </Titles>
            </SubArea>
          </Group>
          <Group Id="NewGroup_7d2b7dfd" ResourceId="SitemapDesigner.NewGroup" IsProfile="false" ToolTipResourseId="SitemapDesigner.Unknown">
            <Titles>
              <Title LCID="1033" Title="Manage Campaigns" />
            </Titles>
            <SubArea Id="NewSubArea_bc4af8aa" Icon="/_imgs/imagestrips/transparent_spacer.gif" Entity="campaign" Client="All,Outlook,OutlookLaptopClient,OutlookWorkstationClient,Web" AvailableOffline="true" PassParams="false" Sku="All,OnPremise,Live,SPLA" />
            <SubArea Id="NewSubArea_e091a88d" Entity="msnfp_appeal" Client="All,Outlook,OutlookLaptopClient,OutlookWorkstationClient,Web" AvailableOffline="true" PassParams="false" Sku="All,OnPremise,Live,SPLA" />
            <SubArea Id="NewSubArea_a7c06dcb8" Entity="msnfp_package" Client="All,Outlook,OutlookLaptopClient,OutlookWorkstationClient,Web" AvailableOffline="true" PassParams="false" Sku="All,OnPremise,Live,SPLA" />
          </Group>
          <Group Id="NewGroup_686632e6" ResourceId="SitemapDesigner.NewGroup" IsProfile="false" ToolTipResourseId="SitemapDesigner.Unknown">
            <Titles>
              <Title LCID="1033" Title="Manage Lists" />
            </Titles>
            <SubArea Id="NewSubArea_8f9120ba" Icon="/_imgs/imagestrips/transparent_spacer.gif" Entity="list" Client="All,Outlook,OutlookLaptopClient,OutlookWorkstationClient,Web" AvailableOffline="true" PassParams="false" Sku="All,OnPremise,Live,SPLA" />
          </Group>
        </Area>
        <Area Id="NewArea_e433e9e8" ResourceId="SitemapDesigner.NewArea" VectorIcon="/WebResources/msnfp_/images/donationpledge.svg" Icon="/WebResources/msnfp_/images/donationpledge.svg" ShowGroups="false">
          <Titles>
            <Title LCID="1033" Title="Gifts" />
          </Titles>
          <Group Id="NewGroup_17766135" ResourceId="SitemapDesigner.NewGroup" IsProfile="false" ToolTipResourseId="SitemapDesigner.Unknown">
            <Titles>
              <Title LCID="1033" Title="Workplace" />
            </Titles>
            <SubArea Id="NewSubArea_e9526861" ResourceId="Homepage_Dashboards" DescriptionResourceId="Dashboards_Description" Url="/workplace/home_dashboards.aspx" DefaultDashboard="75d41801-c0e7-ea11-a817-000d3a303484" Client="All,Outlook,OutlookLaptopClient,OutlookWorkstationClient,Web" AvailableOffline="true" PassParams="false" Sku="All,OnPremise,Live,SPLA" />
            <SubArea Id="NewSubArea_92e08e26" Icon="/_imgs/imagestrips/transparent_spacer.gif" Entity="activitypointer" Client="All,Outlook,OutlookLaptopClient,OutlookWorkstationClient,Web" AvailableOffline="true" PassParams="false" Sku="All,OnPremise,Live,SPLA" />
          </Group>
          <Group Id="NewGroup_92ca6d78" ResourceId="SitemapDesigner.NewGroup" IsProfile="false" ToolTipResourseId="SitemapDesigner.Unknown">
            <Titles>
              <Title LCID="1033" Title="Relationships" />
            </Titles>
            <SubArea Id="NewSubArea_6eb3384" Icon="/_imgs/imagestrips/transparent_spacer.gif" Entity="contact" Client="All,Outlook,OutlookLaptopClient,OutlookWorkstationClient,Web" AvailableOffline="true" PassParams="false" Sku="All,OnPremise,Live,SPLA" />
            <SubArea Id="NewSubArea_99cb5f87" ResourceId="SitemapDesigner.NewSubArea" VectorIcon="/WebResources/msnfp_accountsvg" Icon="/WebResources/msnfp_accountsvg" Url="/main.aspx?pagetype=entitylist&amp;etn=account&amp;viewid={B4045EBC-CBD3-E811-A960-000D3A37870E}" Client="All,Outlook,OutlookLaptopClient,OutlookWorkstationClient,Web" AvailableOffline="true" PassParams="false" Sku="All,OnPremise,Live,SPLA">
              <Titles>
                <Title LCID="1033" Title="Organizations" />
              </Titles>
            </SubArea>
            <SubArea Id="NewSubArea_bec5be64" ResourceId="SitemapDesigner.NewSubArea" VectorIcon="/WebResources/msnfp_accountsvg" Icon="/WebResources/msnfp_accountsvg" Url="/main.aspx?pagetype=entitylist&amp;etn=account&amp;viewid={24E7AF6C-5FDC-E811-A962-000D3A3780DD}" Client="All,Outlook,OutlookLaptopClient,OutlookWorkstationClient,Web" AvailableOffline="true" PassParams="false" Sku="All,OnPremise,Live,SPLA">
              <Titles>
                <Title LCID="1033" Title="Households" />
              </Titles>
            </SubArea>
            <SubArea Id="NewSubArea_f0dbc664" Entity="msnfp_tributeormemory" Client="All,Outlook,OutlookLaptopClient,OutlookWorkstationClient,Web" AvailableOffline="true" PassParams="false" Sku="All,OnPremise,Live,SPLA" />
          </Group>
          <Group Id="NewGroup_6d596a67" ResourceId="SitemapDesigner.NewGroup" IsProfile="false" ToolTipResourseId="SitemapDesigner.Unknown">
            <Titles>
              <Title LCID="1033" Title="Gift Processing" />
            </Titles>
            <SubArea Id="NewSubArea_b5dd1f2f" Entity="msnfp_transaction" Client="All,Outlook,OutlookLaptopClient,OutlookWorkstationClient,Web" AvailableOffline="true" PassParams="false" Sku="All,OnPremise,Live,SPLA" />
            <SubArea Id="NewSubArea_f9aa9c2f" Entity="msnfp_donorcommitment" Client="All,Outlook,OutlookLaptopClient,OutlookWorkstationClient,Web" AvailableOffline="true" PassParams="false" Sku="All,OnPremise,Live,SPLA" />
            <SubArea Id="NewSubArea_b735e96c" Entity="msnfp_paymentschedule" Client="All,Outlook,OutlookLaptopClient,OutlookWorkstationClient,Web" AvailableOffline="true" PassParams="false" Sku="All,OnPremise,Live,SPLA" />
            <SubArea Id="NewSubArea_78223558" Entity="msnfp_giftbatch" Client="All,Outlook,OutlookLaptopClient,OutlookWorkstationClient,Web" AvailableOffline="true" PassParams="false" Sku="All,OnPremise,Live,SPLA" />
            <SubArea Id="NewSubArea_9a965489" Entity="msnfp_bankrun" Client="All,Outlook,OutlookLaptopClient,OutlookWorkstationClient,Web" AvailableOffline="true" PassParams="false" Sku="All,OnPremise,Live,SPLA" />
          </Group>
          <Group Id="Gifts_DonationImport" ResourceId="SitemapDesigner.NewGroup" IsProfile="false" ToolTipResourseId="SitemapDesigner.Unknown">
            <Titles>
              <Title LCID="1033" Title="Donation Import" />
            </Titles>
            <SubArea Id="Gifts_ImportDonation" VectorIcon="/WebResources/msnfp_/images/ImportDonation.svg" Icon="/WebResources/msnfp_/images/ImportDonation.svg" Entity="msnfp_donationimport" Client="All,Outlook,OutlookLaptopClient,OutlookWorkstationClient,Web" AvailableOffline="true" PassParams="false" Sku="All,OnPremise,Live,SPLA">
              <Titles>
                <Title LCID="1033" Title="Import Donations" />
              </Titles>
            </SubArea>
            <SubArea Id="Gifts_TrackImports" ResourceId="SitemapDesigner.NewSubArea" VectorIcon="/WebResources/msnfp_/images/TrackImports.svg" Icon="/WebResources/msnfp_/images/TrackImports.svg" Url="/main.aspx? appid=39c2775f-b08f-4c20-bbef-1ad52681168d&amp;pagetype=entitylist&amp;etn=importfile" Client="All,Outlook,OutlookLaptopClient,OutlookWorkstationClient,Web" AvailableOffline="true" PassParams="false" Sku="All,OnPremise,Live,SPLA">
              <Titles>
                <Title LCID="1033" Title="Track Imports" />
              </Titles>
            </SubArea>
          </Group>
          <Group Id="NewGroup_fab41a86" ResourceId="SitemapDesigner.NewGroup" IsProfile="false" ToolTipResourseId="SitemapDesigner.Unknown">
            <Titles>
              <Title LCID="1033" Title="Receipts" />
            </Titles>
            <SubArea Id="NewSubArea_cbb0cc19" Entity="msnfp_receipt" Client="All,Outlook,OutlookLaptopClient,OutlookWorkstationClient,Web" AvailableOffline="true" PassParams="false" Sku="All,OnPremise,Live,SPLA" />
            <SubArea Id="NewSubArea_4f8796c5" Entity="msnfp_receiptstack" Client="All,Outlook,OutlookLaptopClient,OutlookWorkstationClient,Web" AvailableOffline="true" PassParams="false" Sku="All,OnPremise,Live,SPLA" />
            <SubArea Id="NewSubArea_9215c687" Entity="msnfp_receiptlog" Client="All,Outlook,OutlookLaptopClient,OutlookWorkstationClient,Web" AvailableOffline="true" PassParams="false" Sku="All,OnPremise,Live,SPLA" />
          </Group>
          <Group Id="NewGroup_8428264d" ResourceId="SitemapDesigner.NewGroup" IsProfile="false" ToolTipResourseId="SitemapDesigner.Unknown">
            <Titles>
              <Title LCID="1033" Title="Membership" />
            </Titles>
            <SubArea Id="NewSubArea_43929da2" Entity="msnfp_membershipgroup" Client="All,Outlook,OutlookLaptopClient,OutlookWorkstationClient,Web" AvailableOffline="true" PassParams="false" Sku="All,OnPremise,Live,SPLA" />
            <SubArea Id="NewSubArea_d78ac4fa" Entity="msnfp_membershiporder" Client="All,Outlook,OutlookLaptopClient,OutlookWorkstationClient,Web" AvailableOffline="true" PassParams="false" Sku="All,OnPremise,Live,SPLA" />
            <SubArea Id="NewSubArea_6d5ea593" Entity="msnfp_membershipcategory" Client="All,Outlook,OutlookLaptopClient,OutlookWorkstationClient,Web" AvailableOffline="true" PassParams="false" Sku="All,OnPremise,Live,SPLA" />
            <SubArea Id="NewSubArea_fae47b7e" Entity="msnfp_membership" Client="All,Outlook,OutlookLaptopClient,OutlookWorkstationClient,Web" AvailableOffline="true" PassParams="false" Sku="All,OnPremise,Live,SPLA">
              <Titles>
                <Title LCID="1033" Title="Membership Instances" />
              </Titles>
            </SubArea>
          </Group>
          <Group Id="NewGroup_1746df2a" ResourceId="SitemapDesigner.NewGroup" IsProfile="false" ToolTipResourseId="SitemapDesigner.Unknown">
            <Titles>
              <Title LCID="1033" Title="Payments" />
            </Titles>
            <SubArea Id="NewSubArea_c2572cef" Entity="msnfp_paymentmethod" Client="All,Outlook,OutlookLaptopClient,OutlookWorkstationClient,Web" AvailableOffline="true" PassParams="false" Sku="All,OnPremise,Live,SPLA" />
            <SubArea Id="NewSubArea_f113be7" Entity="msnfp_refund" Client="All,Outlook,OutlookLaptopClient,OutlookWorkstationClient,Web" AvailableOffline="true" PassParams="false" Sku="All,OnPremise,Live,SPLA" />
          </Group>
          <Group Id="NewGroup_eacbfc9d" ResourceId="SitemapDesigner.NewGroup" IsProfile="false" ToolTipResourseId="SitemapDesigner.Unknown">
            <Titles>
              <Title LCID="1033" Title="Fund Management" />
            </Titles>
            <SubArea Id="NewSubArea_e6f9c1aa" Entity="msnfp_designation" Client="All,Outlook,OutlookLaptopClient,OutlookWorkstationClient,Web" AvailableOffline="true" PassParams="false" Sku="All,OnPremise,Live,SPLA" />
          </Group>
          <Group Id="NewGroup_575f3048" ResourceId="SitemapDesigner.NewGroup" IsProfile="false" ToolTipResourseId="SitemapDesigner.Unknown">
            <Titles>
              <Title LCID="1033" Title="Gift Aid" />
            </Titles>
            <SubArea Id="NewSubArea_099c3958" Entity="msnfp_giftaiddeclaration" Client="All,Outlook,OutlookLaptopClient,OutlookWorkstationClient,Web" AvailableOffline="true" PassParams="false" Sku="All,OnPremise,Live,SPLA" />
            <SubArea Id="NewSubArea_a7a14053" Entity="msnfp_giftaidreturn" Client="All,Outlook,OutlookLaptopClient,OutlookWorkstationClient,Web" AvailableOffline="true" PassParams="false" Sku="All,OnPremise,Live,SPLA" />
          </Group>
        </Area>
        <Area Id="NewArea_0a7b2f2e" ResourceId="SitemapDesigner.NewArea" ShowGroups="false">
          <Titles>
            <Title LCID="1033" Title="Events" />
          </Titles>
          <Group Id="NewGroup_17e0f2ad" ResourceId="SitemapDesigner.NewGroup" IsProfile="false" ToolTipResourseId="SitemapDesigner.Unknown">
            <Titles>
              <Title LCID="1033" Title="Workplace" />
            </Titles>
            <SubArea Id="NewSubArea_9199bcdf" ResourceId="Homepage_Dashboards" DescriptionResourceId="Dashboards_Description" Url="/workplace/home_dashboards.aspx" DefaultDashboard="8f77a88d-42e5-ea11-a817-000d3a0c94a6" Client="All,Outlook,OutlookLaptopClient,OutlookWorkstationClient,Web" AvailableOffline="true" PassParams="false" Sku="All,OnPremise,Live,SPLA" />
            <SubArea Id="NewSubArea_c976fca3" Icon="/_imgs/imagestrips/transparent_spacer.gif" Entity="activitypointer" Client="All,Outlook,OutlookLaptopClient,OutlookWorkstationClient,Web" AvailableOffline="true" PassParams="false" Sku="All,OnPremise,Live,SPLA" />
          </Group>
          <Group Id="NewGroup_514db785" ResourceId="SitemapDesigner.NewGroup" IsProfile="false" ToolTipResourseId="SitemapDesigner.Unknown">
            <Titles>
              <Title LCID="1033" Title="Relationships" />
            </Titles>
            <SubArea Id="NewSubArea_6c2c258" Icon="/_imgs/imagestrips/transparent_spacer.gif" Entity="contact" Client="All,Outlook,OutlookLaptopClient,OutlookWorkstationClient,Web" AvailableOffline="true" PassParams="false" Sku="All,OnPremise,Live,SPLA" />
            <SubArea Id="NewSubArea_7e1ee10c" ResourceId="SitemapDesigner.NewSubArea" Icon="/_imgs/imagestrips/transparent_spacer.gif" Url="/main.aspx?pagetype=entitylist&amp;etn=account&amp;viewid={B4045EBC-CBD3-E811-A960-000D3A37870E}" Client="All,Outlook,OutlookLaptopClient,OutlookWorkstationClient,Web" AvailableOffline="true" PassParams="false" Sku="All,OnPremise,Live,SPLA">
              <Titles>
                <Title LCID="1033" Title="Organizations" />
              </Titles>
            </SubArea>
            <SubArea Id="NewSubArea_d3375c0a8" ResourceId="SitemapDesigner.NewSubArea" VectorIcon="/WebResources/msnfp_accountsvg" Icon="/WebResources/msnfp_accountsvg" Url="/main.aspx?pagetype=entitylist&amp;etn=account&amp;viewid={24E7AF6C-5FDC-E811-A962-000D3A3780DD}" Client="All,Outlook,OutlookLaptopClient,OutlookWorkstationClient,Web" AvailableOffline="true" PassParams="false" Sku="All,OnPremise,Live,SPLA">
              <Titles>
                <Title LCID="1033" Title="Households" />
              </Titles>
            </SubArea>
          </Group>
          <Group Id="NewGroup_fcc5f2b5" ResourceId="SitemapDesigner.NewGroup" IsProfile="false" ToolTipResourseId="SitemapDesigner.Unknown">
            <Titles>
              <Title LCID="1033" Title="Manage Events" />
            </Titles>
            <SubArea Id="NewSubArea_017dfcb1" Icon="/_imgs/imagestrips/transparent_spacer.gif" Entity="campaign" Client="All,Outlook,OutlookLaptopClient,OutlookWorkstationClient,Web" AvailableOffline="true" PassParams="false" Sku="All,OnPremise,Live,SPLA" />
          </Group>
          <Group Id="NewGroup_c0c8de74" ResourceId="SitemapDesigner.NewGroup" IsProfile="false" ToolTipResourseId="SitemapDesigner.Unknown">
            <Titles>
              <Title LCID="1033" Title="Manage Lists" />
            </Titles>
            <SubArea Id="NewSubArea_99e24d61" Icon="/_imgs/imagestrips/transparent_spacer.gif" Entity="list" Client="All,Outlook,OutlookLaptopClient,OutlookWorkstationClient,Web" AvailableOffline="true" PassParams="false" Sku="All,OnPremise,Live,SPLA" />
          </Group>
          <Group Id="NewGroup_55b1f7cb" ResourceId="SitemapDesigner.NewGroup" IsProfile="false" ToolTipResourseId="SitemapDesigner.Unknown">
            <Titles>
              <Title LCID="1033" Title="Setup" />
            </Titles>
            <SubArea Id="NewSubArea_b97b258e" Entity="msnfp_event" Client="All,Outlook,OutlookLaptopClient,OutlookWorkstationClient,Web" AvailableOffline="true" PassParams="false" Sku="All,OnPremise,Live,SPLA">
              <Titles>
                <Title LCID="1033" Title="Event Setup" />
              </Titles>
            </SubArea>
          </Group>
          <Group Id="NewGroup_32e3f4d4" ResourceId="SitemapDesigner.NewGroup" IsProfile="false" ToolTipResourseId="SitemapDesigner.Unknown">
            <Titles>
              <Title LCID="1033" Title="Event Transactions" />
            </Titles>
            <SubArea Id="NewSubArea_7cfaceca" Entity="msnfp_eventpackage" Client="All,Outlook,OutlookLaptopClient,OutlookWorkstationClient,Web" AvailableOffline="true" PassParams="false" Sku="All,OnPremise,Live,SPLA">
              <Titles>
                <Title LCID="1033" Title="Registration Packages" />
              </Titles>
            </SubArea>
            <SubArea Id="NewSubArea_ca9cd93c" Entity="msnfp_registration" Client="All,Outlook,OutlookLaptopClient,OutlookWorkstationClient,Web" AvailableOffline="true" PassParams="false" Sku="All,OnPremise,Live,SPLA">
              <Titles>
                <Title LCID="1033" Title="Ticket Registrations" />
              </Titles>
            </SubArea>
            <SubArea Id="NewSubArea_472047ca" Entity="msnfp_eventtables" Client="All,Outlook,OutlookLaptopClient,OutlookWorkstationClient,Web" AvailableOffline="true" PassParams="false" Sku="All,OnPremise,Live,SPLA" />
          </Group>
        </Area>
        <Area Id="NewArea_b1c56ef1" ResourceId="SitemapDesigner.NewArea" ShowGroups="false">
          <Titles>
            <Title LCID="1033" Title="Reports" />
          </Titles>
          <Group Id="NewGroup_8cd82998" ResourceId="SitemapDesigner.NewGroup" DescriptionResourceId="SitemapDesigner.NewGroup" IntroducedVersion="7.0.0.0" IsProfile="false" ToolTipResourseId="SitemapDesigner.Unknown">
            <Titles>
              <Title LCID="1033" Title="Workplace" />
            </Titles>
            <SubArea Id="NewSubArea_355a7b4a" ResourceId="Homepage_Dashboards" DescriptionResourceId="Dashboards_Description" Url="/workplace/home_dashboards.aspx" DefaultDashboard="2c2bd880-42e5-ea11-a817-000d3a0c94a6" Client="All,Outlook,OutlookLaptopClient,OutlookWorkstationClient,Web" AvailableOffline="true" PassParams="false" Sku="All,OnPremise,Live,SPLA">
              <Titles>
                <Title LCID="1033" Title="Dashboards" />
              </Titles>
            </SubArea>
            <SubArea Id="NewSubArea_3ac00e6c" Icon="/_imgs/imagestrips/transparent_spacer.gif" IntroducedVersion="7.0.0.0" Entity="activitypointer" Client="All,Outlook,OutlookLaptopClient,OutlookWorkstationClient,Web" AvailableOffline="true" PassParams="false" Sku="All,OnPremise,Live,SPLA">
              <Titles>
                <Title LCID="1033" Title="Activities" />
              </Titles>
            </SubArea>
          </Group>
          <Group Id="NewGroup_6a04ef31" ResourceId="SitemapDesigner.NewGroup" IsProfile="false" ToolTipResourseId="SitemapDesigner.Unknown">
            <Titles>
              <Title LCID="1033" Title="Goals" />
            </Titles>
            <SubArea Id="NewSubArea_38b6be07" Icon="/_imgs/imagestrips/transparent_spacer.gif" Entity="goal" Client="All,Outlook,OutlookLaptopClient,OutlookWorkstationClient,Web" AvailableOffline="true" PassParams="false" Sku="All,OnPremise,Live,SPLA" />
            <SubArea Id="NewSubArea_32570ddb" Icon="/_imgs/imagestrips/transparent_spacer.gif" Entity="metric" Client="All,Outlook,OutlookLaptopClient,OutlookWorkstationClient,Web" AvailableOffline="true" PassParams="false" Sku="All,OnPremise,Live,SPLA" />
            <SubArea Id="NewSubArea_2ecd305" Icon="/_imgs/imagestrips/transparent_spacer.gif" Entity="goalrollupquery" Client="All,Outlook,OutlookLaptopClient,OutlookWorkstationClient,Web" AvailableOffline="true" PassParams="false" Sku="All,OnPremise,Live,SPLA" />
          </Group>
        </Area>
        <Area Id="NewArea_703dd61c" ResourceId="SitemapDesigner.NewArea" VectorIcon="/WebResources/AppCommon/ControlWS/HeaderIconImages/AdvancedSettings.svg" Icon="/WebResources/AppCommon/ControlWS/HeaderIconImages/AdvancedSettings.svg" ShowGroups="false">
          <Titles>
            <Title LCID="1033" Title="Configuration" />
          </Titles>
          <Group Id="NewGroup_8ddd2abd" ResourceId="SitemapDesigner.NewGroup" IsProfile="false" ToolTipResourseId="SitemapDesigner.Unknown">
            <Titles>
              <Title LCID="1033" Title="Settings" />
            </Titles>
            <SubArea Id="NewSubArea_8a143183" Entity="msnfp_configuration" Client="All,Outlook,OutlookLaptopClient,OutlookWorkstationClient,Web" AvailableOffline="true" PassParams="false" Sku="All,OnPremise,Live,SPLA" />
            <SubArea Id="NewSubArea_fea8d411" Entity="msnfp_paymentprocessor" Client="All,Outlook,OutlookLaptopClient,OutlookWorkstationClient,Web" AvailableOffline="true" PassParams="false" Sku="All,OnPremise,Live,SPLA" />
            <SubArea Id="NewSubArea_10191adb" Entity="msnfp_response" Client="All,Outlook,OutlookLaptopClient,OutlookWorkstationClient,Web" AvailableOffline="true" PassParams="false" Sku="All,OnPremise,Live,SPLA" />
          </Group>
          <Group Id="NewGroup_cee986c6" ResourceId="SitemapDesigner.NewGroup" IsProfile="false" ToolTipResourseId="SitemapDesigner.Unknown">
            <Titles>
              <Title LCID="1033" Title="Setup" />
            </Titles>
            <SubArea Id="NewSubArea_3e91e96" Entity="msnfp_givinglevel" Client="All,Outlook,OutlookLaptopClient,OutlookWorkstationClient,Web" AvailableOffline="true" PassParams="false" Sku="All,OnPremise,Live,SPLA" />
            <SubArea Id="NewSubArea_ea418569" Entity="msnfp_membershipcategory" Client="All,Outlook,OutlookLaptopClient,OutlookWorkstationClient,Web" AvailableOffline="true" PassParams="false" Sku="All,OnPremise,Live,SPLA" />
            <SubArea Id="NewSubArea_4fecfa1c" Entity="msnfp_preferencecategory" Client="All,Outlook,OutlookLaptopClient,OutlookWorkstationClient,Web" AvailableOffline="true" PassParams="false" Sku="All,OnPremise,Live,SPLA" />
          </Group>
          <Group Id="NewGroup_4fb47834" ResourceId="SitemapDesigner.NewGroup" IsProfile="false" ToolTipResourseId="SitemapDesigner.Unknown">
            <Titles>
              <Title LCID="1033" Title="Relationship Settings" />
            </Titles>
          </Group>
          <Group Id="NewGroup_1254f982" ResourceId="SitemapDesigner.NewGroup" IsProfile="false" ToolTipResourseId="SitemapDesigner.Unknown">
            <Titles>
              <Title LCID="1033" Title="Reporting" />
            </Titles>
            <SubArea Id="NewSubArea_732be651" Entity="msnfp_objective" Client="All,Outlook,OutlookLaptopClient,OutlookWorkstationClient,Web" AvailableOffline="true" PassParams="false" Sku="All,OnPremise,Live,SPLA" />
            <SubArea Id="NewSubArea_063318c4" Entity="msnfp_budget" Client="All,Outlook,OutlookLaptopClient,OutlookWorkstationClient,Web" AvailableOffline="true" PassParams="false" Sku="All,OnPremise,Live,SPLA" />
          </Group>
          <Group Id="NewGroup_3cf015f9" ResourceId="SitemapDesigner.NewGroup" IsProfile="false" ToolTipResourseId="SitemapDesigner.Unknown">
            <Titles>
              <Title LCID="1033" Title="Designations" />
            </Titles>
            <SubArea Id="NewSubArea_eccf8cf3" Entity="msnfp_designationplan" Client="All,Outlook,OutlookLaptopClient,OutlookWorkstationClient,Web" AvailableOffline="true" PassParams="false" Sku="All,OnPremise,Live,SPLA" />
            <SubArea Id="NewSubArea_74caa53" Entity="msnfp_designation" Client="All,Outlook,OutlookLaptopClient,OutlookWorkstationClient,Web" AvailableOffline="true" PassParams="false" Sku="All,OnPremise,Live,SPLA" />
            <SubArea Id="NewSubArea_b3c20d9c" Entity="msnfp_designatedcredit" Client="All,Outlook,OutlookLaptopClient,OutlookWorkstationClient,Web" AvailableOffline="true" PassParams="false" Sku="All,OnPremise,Live,SPLA" />
          </Group>
        </Area>
        <Area Id="area_2d1476d0" ResourceId="SitemapDesigner.NewTitle" DescriptionResourceId="SitemapDesigner.NewTitle" ShowGroups="true" IntroducedVersion="7.0.0.0" />
      </SiteMap>
      <LocalizedNames>
        <LocalizedName description="Fundraising and Engagement" languagecode="1033" />
      </LocalizedNames>
    </AppModuleSiteMap>
  </AppModuleSiteMaps>
  <AppModules>
    <AppModule>
      <UniqueName>msnfp_FundraisingandEngagement</UniqueName>
      <IntroducedVersion>1.0.0.0</IntroducedVersion>
      <WebResourceId>f3b1a61a-6fcd-e811-a960-000d3a37870e</WebResourceId>
      <OptimizedFor></OptimizedFor>
      <statecode>0</statecode>
      <statuscode>1</statuscode>
      <FormFactor>1</FormFactor>
      <ClientType>4</ClientType>
      <NavigationType>0</NavigationType>
      <AppModuleComponents>
        <AppModuleComponent type="1" schemaName="account" />
        <AppModuleComponent type="26" id="{00000000-0000-0000-00aa-000000666000}" />
        <AppModuleComponent type="26" id="{00000000-0000-0000-00aa-000010001200}" />
        <AppModuleComponent type="26" id="{731c9fd0-d6a4-ea11-a812-000d3a0c94a6}" />
        <AppModuleComponent type="26" id="{a9af0ab8-861d-4cfa-92a5-c6281fed7fab}" />
        <AppModuleComponent type="26" id="{92ee93bf-45a4-ea11-a812-000d3a0c94a6}" />
        <AppModuleComponent type="26" id="{cfa1bd5a-43a4-ea11-a812-000d3a0c94a6}" />
        <AppModuleComponent type="26" id="{a3b8bd78-45a4-ea11-a812-000d3a0c94a6}" />
        <AppModuleComponent type="26" id="{dd1a3a41-dda4-ea11-a812-000d3a0c94a6}" />
        <AppModuleComponent type="26" id="{0aef29c5-4ca4-ea11-a812-000d3a0c94a6}" />
        <AppModuleComponent type="26" id="{e755c91b-41a4-ea11-a812-000d3a0c94a6}" />
        <AppModuleComponent type="26" id="{c7d4bcd1-dea4-ea11-a812-000d3a0c94a6}" />
        <AppModuleComponent type="26" id="{3bc3f751-b0b7-ea11-a812-000d3a0c94a6}" />
        <AppModuleComponent type="26" id="{c4ad4692-d9a4-ea11-a812-000d3a0c94a6}" />
        <AppModuleComponent type="26" id="{f80a040f-49a4-ea11-a812-000d3a0c94a6}" />
        <AppModuleComponent type="26" id="{6491edda-d4a4-ea11-a812-000d3a0c94a6}" />
        <AppModuleComponent type="26" id="{c1ed0c65-dfa4-ea11-a812-000d3a0c94a6}" />
        <AppModuleComponent type="26" id="{24e7af6c-5fdc-e811-a962-000d3a3780dd}" />
        <AppModuleComponent type="26" id="{b4045ebc-cbd3-e811-a960-000d3a37870e}" />
        <AppModuleComponent type="26" id="{65ffaf9a-e8c5-432d-860b-32f841b00d87}" />
        <AppModuleComponent type="26" id="{399d82d4-4dd7-ea11-a813-000d3a0c94a6}" />
        <AppModuleComponent type="26" id="{a8ce8265-ac3e-e911-a826-000d3a3b73ac}" />
        <AppModuleComponent type="26" id="{00000000-0000-0000-00aa-000010001001}" />
        <AppModuleComponent type="26" id="{d234426e-1f37-4944-9255-50e19b541c4c}" />
        <AppModuleComponent type="60" id="{1738bfe6-7a21-4d68-b90f-179a693ecb9c}" />
        <AppModuleComponent type="60" id="{7a0ea9e9-fcb8-45ca-b24f-b8c2b6980eb5}" />
        <AppModuleComponent type="60" id="{179d553f-4804-4452-aa11-7212d2d4dc14}" />
        <AppModuleComponent type="1" schemaName="activitypointer" />
        <AppModuleComponent type="1" schemaName="msnfp_appeal" />
        <AppModuleComponent type="1" schemaName="msnfp_bankrun" />
        <AppModuleComponent type="1" schemaName="msnfp_budget" />
        <AppModuleComponent type="1" schemaName="campaign" />
        <AppModuleComponent type="60" id="{e0cae4d6-3701-4623-815d-1ef6a8adf710}" />
        <AppModuleComponent type="1" schemaName="incident" />
        <AppModuleComponent type="1" schemaName="msnfp_configuration" />
        <AppModuleComponent type="1" schemaName="contact" />
        <AppModuleComponent type="26" id="{00000000-0000-0000-00aa-000010001004}" />
        <AppModuleComponent type="26" id="{73bc2d9b-4e0e-424c-8839-ed59d6817e3a}" />
        <AppModuleComponent type="26" id="{cf955fa0-92d7-e811-a960-000d3a378f36}" />
        <AppModuleComponent type="26" id="{0d5d377b-5e7c-47b5-bab1-a5cb8b4ac105}" />
        <AppModuleComponent type="26" id="{00000000-0000-0000-00aa-000010001210}" />
        <AppModuleComponent type="26" id="{00000000-0000-0000-00aa-000000666400}" />
        <AppModuleComponent type="26" id="{a2d479c5-53e3-4c69-addd-802327e67a0d}" />
        <AppModuleComponent type="26" id="{3add2ec0-e8a4-ea11-a812-000d3a0c94a6}" />
        <AppModuleComponent type="26" id="{82480a52-eaa4-ea11-a812-000d3a0c94a6}" />
        <AppModuleComponent type="26" id="{c2097e92-e7a4-ea11-a812-000d3a0c94a6}" />
        <AppModuleComponent type="26" id="{6e67976d-eba4-ea11-a812-000d3a0c94a6}" />
        <AppModuleComponent type="26" id="{7c2151e4-b0b7-ea11-a812-000d3a0c94a6}" />
        <AppModuleComponent type="26" id="{303a3f54-eda4-ea11-a812-000d3a0c94a6}" />
        <AppModuleComponent type="26" id="{2dacce7b-efa4-ea11-a812-000d3a0c94a6}" />
        <AppModuleComponent type="26" id="{ce53caf7-eaa4-ea11-a812-000d3a0c94a6}" />
        <AppModuleComponent type="26" id="{ad038ec2-eca4-ea11-a812-000d3a0c94a6}" />
        <AppModuleComponent type="26" id="{1d22f965-d744-e911-a838-000d3a3b7224}" />
        <AppModuleComponent type="26" id="{03439321-b043-ea11-a812-000d3af3bf00}" />
        <AppModuleComponent type="26" id="{7355367e-953e-e911-a826-000d3a3b73ac}" />
        <AppModuleComponent type="26" id="{2e2a4d19-94d2-ea11-a813-000d3a0c94a6}" />
        <AppModuleComponent type="26" id="{00000000-0000-0000-00aa-000010001033}" />
        <AppModuleComponent type="60" id="{67cc8726-db9b-445e-88ee-171fe5388f87}" />
        <AppModuleComponent type="1" schemaName="msnfp_response" />
        <AppModuleComponent type="1" schemaName="msnfp_designatedcredit" />
        <AppModuleComponent type="60" id="{cc20d728-ae61-47d2-9a48-59fde4f99ea4}" />
        <AppModuleComponent type="1" schemaName="msnfp_designation" />
        <AppModuleComponent type="60" id="{1e599521-0425-4911-a594-319a15717589}" />
        <AppModuleComponent type="1" schemaName="msnfp_designationplan" />
        <AppModuleComponent type="60" id="{4fdc3e8f-ef5a-41f0-bca7-16e4433522b2}" />
        <AppModuleComponent type="1" schemaName="msnfp_donationimport" />
        <AppModuleComponent type="1" schemaName="msnfp_donorcommitment" />
        <AppModuleComponent type="60" id="{1421ca81-de38-408c-be76-fc4b0c8ca34b}" />
        <AppModuleComponent type="60" id="{ddf82332-8212-47b4-83a7-f98b4db7d19d}" />
        <AppModuleComponent type="1" schemaName="msnfp_event" />
        <AppModuleComponent type="1" schemaName="msnfp_eventsponsor" />
        <AppModuleComponent type="1" schemaName="msnfp_eventtables" />
        <AppModuleComponent type="1" schemaName="msnfp_report" />
        <AppModuleComponent type="60" id="{aa5d1aee-ee80-446b-8e6e-5f08109ed05c}" />
        <AppModuleComponent type="1" schemaName="msnfp_getstarted" />
        <AppModuleComponent type="26" id="{00c4071a-95b5-ec11-b3fe-0022480b1896}" />
        <AppModuleComponent type="1" schemaName="msnfp_giftaiddeclaration" />
        <AppModuleComponent type="1" schemaName="msnfp_giftaidreturn" />
        <AppModuleComponent type="1" schemaName="msnfp_giftbatch" />
        <AppModuleComponent type="1" schemaName="msnfp_givinglevel" />
        <AppModuleComponent type="1" schemaName="goal" />
        <AppModuleComponent type="1" schemaName="metric" />
        <AppModuleComponent type="1" schemaName="msdyn_iotalert" />
        <AppModuleComponent type="1" schemaName="list" />
        <AppModuleComponent type="60" id="{6e77626b-e693-44f0-a1c7-359b1a7a9a4c}" />
        <AppModuleComponent type="1" schemaName="msnfp_membership" />
        <AppModuleComponent type="60" id="{01d7135d-ba58-433d-8f5e-6b681ad4d450}" />
        <AppModuleComponent type="1" schemaName="msnfp_membershipcategory" />
        <AppModuleComponent type="60" id="{904bbe89-abe5-42c2-8591-fe168838ba9c}" />
        <AppModuleComponent type="1" schemaName="msnfp_membershipgroup" />
        <AppModuleComponent type="1" schemaName="msnfp_membershiporder" />
        <AppModuleComponent type="1" schemaName="msnfp_objective" />
        <AppModuleComponent type="60" id="{052781ed-f437-4f93-a659-26f062e194fd}" />
        <AppModuleComponent type="1" schemaName="opportunity" />
        <AppModuleComponent type="60" id="{21708dfd-cee1-4f94-8398-5c48ed0abce9}" />
        <AppModuleComponent type="60" id="{e3c588ee-8e11-49da-a5fe-3800f3f683de}" />
        <AppModuleComponent type="60" id="{24b5ce86-1811-44c3-b1ad-90f7ea02d2d7}" />
        <AppModuleComponent type="1" schemaName="msnfp_package" />
        <AppModuleComponent type="26" id="{a6d884f3-0d1d-4ed4-b299-8f7602080a89}" />
        <AppModuleComponent type="26" id="{733b246f-434f-470f-9e41-08923243dfc1}" />
        <AppModuleComponent type="26" id="{c26fe23c-b9da-42d3-9318-fdd39712b417}" />
        <AppModuleComponent type="26" id="{16e62794-0a7a-48c9-9fd2-cb2ada6777e6}" />
        <AppModuleComponent type="26" id="{1884565f-16e1-4806-a42c-71fbd3aef083}" />
        <AppModuleComponent type="60" id="{f03e5b15-db28-4459-82ee-972841757181}" />
        <AppModuleComponent type="60" id="{d7810ee1-e69e-450a-96ef-ee9715bb7a50}" />
        <AppModuleComponent type="1" schemaName="msnfp_paymentmethod" />
        <AppModuleComponent type="60" id="{eb2f09f3-5429-4a31-8e59-3d5a6a2c9008}" />
        <AppModuleComponent type="1" schemaName="msnfp_paymentprocessor" />
        <AppModuleComponent type="60" id="{dfb9f937-2acb-463c-ae61-827d82928179}" />
        <AppModuleComponent type="1" schemaName="msnfp_paymentschedule" />
        <AppModuleComponent type="60" id="{14059d56-35aa-4380-8b13-7dc0af57e955}" />
        <AppModuleComponent type="60" id="{72360de7-53d9-4e03-ac39-7c5da79fe113}" />
        <AppModuleComponent type="1" schemaName="msnfp_pledgematch" />
        <AppModuleComponent type="1" schemaName="msnfp_preferencecategory" />
        <AppModuleComponent type="1" schemaName="msnfp_receipt" />
        <AppModuleComponent type="1" schemaName="msnfp_receiptlog" />
        <AppModuleComponent type="1" schemaName="msnfp_receiptstack" />
        <AppModuleComponent type="1" schemaName="msnfp_refund" />
        <AppModuleComponent type="1" schemaName="msnfp_registration" />
        <AppModuleComponent type="1" schemaName="msnfp_eventpackage" />
        <AppModuleComponent type="1" schemaName="report" />
        <AppModuleComponent type="1" schemaName="goalrollupquery" />
        <AppModuleComponent type="1" schemaName="msnfp_transaction" />
        <AppModuleComponent type="60" id="{9d57debe-68e7-4d29-9d35-6dec55557ae7}" />
        <AppModuleComponent type="60" id="{867b7a5c-380f-46dd-8162-693e19aa5e03}" />
        <AppModuleComponent type="1" schemaName="msnfp_tributeormemory" />
        <AppModuleComponent type="60" id="{2c2bd880-42e5-ea11-a817-000d3a0c94a6}" />
        <AppModuleComponent type="60" id="{8f77a88d-42e5-ea11-a817-000d3a0c94a6}" />
        <AppModuleComponent type="60" id="{75d41801-c0e7-ea11-a817-000d3a303484}" />
        <AppModuleComponent type="62" schemaName="msnfp_FundraisingandEngagement" />
      </AppModuleComponents>
      <AppModuleRoleMaps>
        <Role id="{cd933113-90f6-e911-a813-000d3a0c8ff0}" />
        <Role id="{cf385f4e-69fb-ea11-a815-000d3a5accc0}" />
        <Role id="{47e36843-84fb-ea11-a815-000d3a5accc0}" />
        <Role id="{d6f3e9ea-6214-ea11-a811-000d3a0c8a65}" />
        <Role id="{7669763c-69fb-ea11-a815-000d3a5accc0}" />
        <Role id="{b9070954-8cfb-ea11-a815-000d3a5accc0}" />
        <Role id="{a3b1dd66-6ef6-e911-a813-000d3a0c8cd2}" />
        <Role id="{d6202a63-38f7-e911-a813-000d3a0c8ff0}" />
        <Role id="{c787eae4-6214-ea11-a811-000d3a0c8a65}" />
        <Role id="{627090ff-40a3-4053-8790-584edc5be201}" />
        <Role id="{119f245c-3cc8-4b62-b31c-d1a046ced15d}" />
      </AppModuleRoleMaps>
      <EventHandlers>
        <EventHandler eventname="onload" functionname="msnfp.FundraisingAndEngagement.AppModule.onLoadAsync" libraryname="msnfp_/scripts/FundraisingandEngagement.js" parameters="" enable="true" isblocking="false" />
      </EventHandlers>
      <LocalizedNames>
        <LocalizedName description="Fundraising and Engagement" languagecode="1033" />
      </LocalizedNames>
      <appelements>
        <appelement uniquename="two_msnfp_FundraisingandEngagement_canvasappid_two_fundraisingandengagementdefaultcommandlibrary_63935">
          <canvasappid>
            <name>two_fundraisingandengagementdefaultcommandlibrary_63935</name>
          </canvasappid>
          <iscustomizable>1</iscustomizable>
          <name>two_msnfp_FundraisingandEngagement_canvasappid_two_fundraisingandengagementdefaultcommandlibrary_63935</name>
        </appelement>
        <appelement uniquename="two_msnfp_FundraisingandEngagement_canvasappid_two_generategiftacknowledgement_4d7bc">
          <canvasappid>
            <name>two_generategiftacknowledgement_4d7bc</name>
          </canvasappid>
          <iscustomizable>1</iscustomizable>
          <name>two_msnfp_FundraisingandEngagement_canvasappid_two_generategiftacknowledgement_4d7bc</name>
        </appelement>
        <appelement uniquename="two_msnfp_FundraisingandEngagement_canvasappid_two_writeproposal_5b3b6">
          <canvasappid>
            <name>two_writeproposal_5b3b6</name>
          </canvasappid>
          <iscustomizable>1</iscustomizable>
          <name>two_msnfp_FundraisingandEngagement_canvasappid_two_writeproposal_5b3b6</name>
        </appelement>
      </appelements>
    </AppModule>
  </AppModules>
  <EntityDataProviders />
  <CanvasApps>
    <CanvasApp>
      <Name>two_generategiftacknowledgement_4d7bc</Name>
      <AppVersion>2023-06-07T16:07:35Z</AppVersion>
      <Status>Ready</Status>
      <CreatedByClientVersion>3.23053.41.0</CreatedByClientVersion>
      <MinClientVersion>3.23053.41.0</MinClientVersion>
      <Tags>{"primaryDeviceWidth":"500","primaryDeviceHeight":"768","supportsPortrait":"true","supportsLandscape":"true","primaryFormFactor":"Tablet","publisherVersion":"3.23053.41","minimumRequiredApiVersion":"2.2.0","hasComponent":"false","hasUnlockedComponent":"false","isUnifiedRootApp":"false","sienaVersion":"20230607T152815Z-3.23053.41.0"}</Tags>
      <IsCdsUpgraded>0</IsCdsUpgraded>
      <GalleryItemId xsi:nil="true"></GalleryItemId>
      <BackgroundColor>RGBA(0,176,240,1)</BackgroundColor>
      <DisplayName>Write Gift Acknowledgement</DisplayName>
      <Description>Thanking donors is the cornerstone of good donor stewardship. With this Open AI solution in the Microsoft Cloud for Nonprofit, donors can generate, customize, and send targeted gift acknowledgements to donors to thank them for their contributions to your mission. 

With the click of a button, fundraisers can generate a draft acknowledgement email or letter that can be edited and sent to donors. The draft acknowledgement is generated by Open AI based on the context of a transaction, a donor’s profile, taxable amounts, and designated funds in the Microsoft Cloud for Nonprofit.</Description>
      <CommitMessage xsi:nil="true"></CommitMessage>
      <Publisher xsi:nil="true"></Publisher>
      <AuthorizationReferences>[]</AuthorizationReferences>
      <ConnectionReferences>{"43b17474-f313-44c8-9f8d-4bc6ec573a24":{"id":"/providers/microsoft.powerapps/apis/shared_logicflows","displayName":"Logic flows","iconUri":"https://connectoricons-prod.azureedge.net/releases/v1.0.1636/1.0.1636.3297/logicflows/icon.png","dataSources":["CallOpenAIforGiftAcknowledgement"],"dependencies":[],"dependents":[],"parameterHints":{"workflowName":{"value":"5b7bbf40-6beb-487f-af94-8bef53953a9e"},"workflowEntityId":{"value":"8e1cceec-fbfe-ed11-8f6e-00224804902a"}},"parameterHintsV2":{"workflowName":{"value":"5b7bbf40-6beb-487f-af94-8bef53953a9e"},"workflowEntityId":{"value":"8e1cceec-fbfe-ed11-8f6e-00224804902a"}},"isOnPremiseConnection":false,"bypassConsent":false,"dataSets":{},"apiTier":"Standard","actions":["Run"]}}</ConnectionReferences>
      <DatabaseReferences>{"default.cds":{"databaseDetails":{"referenceType":"Environmental","environmentName":"default.cds","overrideValues":{"status":"NotSpecified"}},"dataSources":{"Transactions":{"entitySetName":"msnfp_transactions","logicalName":"msnfp_transaction"},"Activities":{"entitySetName":"activitypointers","logicalName":"activitypointer"},"Designations":{"entitySetName":"msnfp_designations","logicalName":"msnfp_designation"},"Campaigns":{"entitySetName":"campaigns","logicalName":"campaign"},"Appeals":{"entitySetName":"msnfp_appeals","logicalName":"msnfp_appeal"},"Accounts":{"entitySetName":"accounts","logicalName":"account"},"Email Messages":{"entitySetName":"emails","logicalName":"email"}}}}</DatabaseReferences>
      <AppComponents>[]</AppComponents>
      <AppComponentDependencies>[]</AppComponentDependencies>
      <CanConsumeAppPass>1</CanConsumeAppPass>
      <CanvasAppType>2</CanvasAppType>
      <BypassConsent>0</BypassConsent>
      <AdminControlBypassConsent>0</AdminControlBypassConsent>
      <EmbeddedApp xsi:nil="true"></EmbeddedApp>
      <IntroducedVersion>1.0</IntroducedVersion>
      <CdsDependencies>{"cdsdependencies":[{"dependencyid":"8e1cceec-fbfe-ed11-8f6e-00224804902a","componenttype":29,"componenttypeplatformname":"Workflow"},{"logicalname":"msnfp_transaction","componenttype":1},{"logicalname":"activitypointer","componenttype":1},{"logicalname":"msnfp_designation","componenttype":1},{"logicalname":"campaign","componenttype":1},{"logicalname":"msnfp_appeal","componenttype":1},{"logicalname":"account","componenttype":1},{"logicalname":"email","componenttype":1}]}</CdsDependencies>
      <IsCustomizable>1</IsCustomizable>
      <BackgroundImageUri>/CanvasApps/two_generategiftacknowledgement_4d7bc_BackgroundImageUri</BackgroundImageUri>
      <DocumentUri>/CanvasApps/two_generategiftacknowledgement_4d7bc_DocumentUri.msapp</DocumentUri>
    </CanvasApp>
    <CanvasApp>
      <Name>two_fundraisingandengagementdefaultcommandlibrary_63935</Name>
      <AppVersion>2023-06-01T16:58:37Z</AppVersion>
      <Status>Ready</Status>
      <CreatedByClientVersion>3.23052.29.0</CreatedByClientVersion>
      <MinClientVersion>0.0.0.0</MinClientVersion>
      <Tags>{"primaryDeviceWidth":"640","primaryDeviceHeight":"1136","sienaVersion":"20230601T165141Z-3.23052.29.0","deviceCapabilities":"","supportsPortrait":"true","supportsLandscape":"false","primaryFormFactor":"Phone","publisherVersion":"3.23052.29.0","minimumRequiredApiVersion":"2.2.0","hasComponent":"true","hasUnlockedComponent":"true","isUnifiedRootApp":"false"}</Tags>
      <IsCdsUpgraded>0</IsCdsUpgraded>
      <GalleryItemId xsi:nil="true"></GalleryItemId>
      <BackgroundColor>rgba(0, 176, 240, 1)</BackgroundColor>
      <DisplayName>FundraisingandEngagement_DefaultCommandLibrary</DisplayName>
      <Description xsi:nil="true"></Description>
      <CommitMessage>Saved by Command designer.</CommitMessage>
      <Publisher xsi:nil="true"></Publisher>
      <AuthorizationReferences>[]</AuthorizationReferences>
      <ConnectionReferences>{}</ConnectionReferences>
      <DatabaseReferences>{"default.cds":{"databaseDetails":{"referenceType":"Environmental","environmentName":"default.cds"},"dataSources":{"Transactions":{"entitySetName":"msnfp_transactions","logicalName":"msnfp_transaction"}}}}</DatabaseReferences>
      <AppComponents>[]</AppComponents>
      <AppComponentDependencies>[]</AppComponentDependencies>
      <CanConsumeAppPass>1</CanConsumeAppPass>
      <CanvasAppType>1</CanvasAppType>
      <BypassConsent>0</BypassConsent>
      <AdminControlBypassConsent>0</AdminControlBypassConsent>
      <EmbeddedApp xsi:nil="true"></EmbeddedApp>
      <IntroducedVersion>1.0</IntroducedVersion>
      <CdsDependencies>{"cdsdependencies":[{"logicalname":"msnfp_transaction","componenttype":1}]}</CdsDependencies>
      <IsCustomizable>1</IsCustomizable>
      <BackgroundImageUri>/CanvasApps/two_fundraisingandengagementdefaultcommandlib87142_BackgroundImageUri</BackgroundImageUri>
      <DocumentUri>/CanvasApps/two_fundraisingandengagementdefaultcommandlib36003_DocumentUri.msapp</DocumentUri>
    </CanvasApp>
  </CanvasApps>
  <Languages>
    <Language>1033</Language>
  </Languages>
</ImportExportXml>