<ImportExportXml xmlns:xsi="http://www.w3.org/2001/XMLSchema-instance">
  <Entities>
    <Entity>
      <Name LocalizedName="Account" OriginalName="">Account</Name>
      <RibbonDiffXml>
        <CustomActions />
        <Templates>
          <RibbonTemplates Id="Mscrm.Templates"></RibbonTemplates>
        </Templates>
        <CommandDefinitions />
        <RuleDefinitions>
          <TabDisplayRules />
          <DisplayRules />
          <EnableRules />
        </RuleDefinitions>
        <LocLabels />
      </RibbonDiffXml>
    </Entity>
    <Entity>
      <Name LocalizedName="Contact" OriginalName="">Contact</Name>
      <RibbonDiffXml>
        <CustomActions />
        <Templates>
          <RibbonTemplates Id="Mscrm.Templates"></RibbonTemplates>
        </Templates>
        <CommandDefinitions />
        <RuleDefinitions>
          <TabDisplayRules />
          <DisplayRules />
          <EnableRules />
        </RuleDefinitions>
        <LocLabels />
      </RibbonDiffXml>
    </Entity>
    <Entity>
      <Name LocalizedName="Transaction" OriginalName="Transaction">msnfp_Transaction</Name>
      <RibbonDiffXml>
        <CustomActions />
        <Templates>
          <RibbonTemplates Id="Mscrm.Templates"></RibbonTemplates>
        </Templates>
        <CommandDefinitions />
        <RuleDefinitions>
          <TabDisplayRules />
          <DisplayRules />
          <EnableRules />
        </RuleDefinitions>
        <LocLabels />
      </RibbonDiffXml>
    </Entity>
  </Entities>
  <Roles></Roles>
  <Workflows>
    <Workflow WorkflowId="{8e1cceec-fbfe-ed11-8f6e-00224804902a}" Name="Call OpenAI for Gift Acknowledgement">
      <JsonFileName>/Workflows/CallOpenAIforGiftAcknowledgement-8E1CCEEC-FBFE-ED11-8F6E-00224804902A.json</JsonFileName>
      <Type>1</Type>
      <Subprocess>0</Subprocess>
      <Category>5</Category>
      <Mode>0</Mode>
      <Scope>4</Scope>
      <OnDemand>0</OnDemand>
      <TriggerOnCreate>0</TriggerOnCreate>
      <TriggerOnDelete>0</TriggerOnDelete>
      <AsyncAutodelete>0</AsyncAutodelete>
      <SyncWorkflowLogOnFailure>0</SyncWorkflowLogOnFailure>
      <StateCode>1</StateCode>
      <StatusCode>2</StatusCode>
      <RunAs>1</RunAs>
      <IsTransacted>1</IsTransacted>
      <IntroducedVersion>1.0.0.0</IntroducedVersion>
      <IsCustomizable>1</IsCustomizable>
      <BusinessProcessType>0</BusinessProcessType>
      <IsCustomProcessingStepAllowedForOtherPublishers>1</IsCustomProcessingStepAllowedForOtherPublishers>
      <PrimaryEntity>none</PrimaryEntity>
      <LocalizedNames>
        <LocalizedName languagecode="1033" description="Call OpenAI for Gift Acknowledgement" />
      </LocalizedNames>
    </Workflow>
  </Workflows>
  <FieldSecurityProfiles></FieldSecurityProfiles>
  <Templates />
  <EntityMaps />
  <EntityRelationships />
  <OrganizationSettings />
  <optionsets />
  <WebResources>
    <WebResource>
      <WebResourceId>{cbdc0c32-9d00-ee11-8f6e-00224804902a}</WebResourceId>
      <Name>two_/scripts/Two.Ribbon.GiftRequest.js</Name>
      <DisplayName>two_/scripts/Two.Ribbon.GiftRequest.js</DisplayName>
      <LanguageCode>0</LanguageCode>
      <WebResourceType>3</WebResourceType>
      <IntroducedVersion>1.0.0.0</IntroducedVersion>
      <IsEnabledForMobileClient>0</IsEnabledForMobileClient>
      <IsAvailableForMobileOffline>0</IsAvailableForMobileOffline>
      <IsCustomizable>1</IsCustomizable>
      <CanBeDeleted>1</CanBeDeleted>
      <IsHidden>0</IsHidden>
      <FileName>/WebResources/two_scriptsTwoRibbonGiftRequestjsCBDC0C32-9D00-EE11-8F6E-00224804902A</FileName>
    </WebResource>
  </WebResources>
  <CustomControls />
  <AppModuleSiteMaps>
    <AppModuleSiteMap>
      <SiteMapUniqueName>msnfp_FundraisingandEngagement</SiteMapUniqueName>
      <EnableCollapsibleGroups>True</EnableCollapsibleGroups>
      <ShowHome>True</ShowHome>
      <ShowPinned>True</ShowPinned>
      <ShowRecents>True</ShowRecents>
      <SiteMap IntroducedVersion="7.0.0.0">
        <Area Id="area_2d1476d0" ResourceId="SitemapDesigner.NewTitle" DescriptionResourceId="SitemapDesigner.NewTitle" ShowGroups="true" IntroducedVersion="7.0.0.0" ordinalvalue="6" solutionaction="Added" />
      </SiteMap>
      <LocalizedNames>
        <LocalizedName description="Fundraising and Engagement" languagecode="1033" />
      </LocalizedNames>
    </AppModuleSiteMap>
  </AppModuleSiteMaps>
  <AppModules>
    <AppModule>
      <UniqueName>msnfp_FundraisingandEngagement</UniqueName>
      <IntroducedVersion>1.0.0.0</IntroducedVersion>
      <WebResourceId>f3b1a61a-6fcd-e811-a960-000d3a37870e</WebResourceId>
      <OptimizedFor></OptimizedFor>
      <statecode>0</statecode>
      <statuscode>1</statuscode>
      <FormFactor>1</FormFactor>
      <ClientType>4</ClientType>
      <NavigationType>0</NavigationType>
      <AppModuleComponents />
      <EventHandlers>
        <EventHandler eventname="onload" functionname="msnfp.FundraisingAndEngagement.AppModule.onLoadAsync" libraryname="msnfp_/scripts/FundraisingandEngagement.js" parameters="" enable="true" isblocking="false" />
      </EventHandlers>
      <LocalizedNames>
        <LocalizedName description="Fundraising and Engagement" languagecode="1033" />
      </LocalizedNames>
      <appelements>
        <appelement uniquename="two_msnfp_FundraisingandEngagement_canvasappid_two_fundraisingandengagementdefaultcommandlibrary_63935">
          <canvasappid>
            <name>two_fundraisingandengagementdefaultcommandlibrary_63935</name>
          </canvasappid>
          <iscustomizable>1</iscustomizable>
          <name>two_msnfp_FundraisingandEngagement_canvasappid_two_fundraisingandengagementdefaultcommandlibrary_63935</name>
        </appelement>
        <appelement uniquename="two_msnfp_FundraisingandEngagement_canvasappid_two_generategiftacknowledgement_4d7bc">
          <canvasappid>
            <name>two_generategiftacknowledgement_4d7bc</name>
          </canvasappid>
          <iscustomizable>1</iscustomizable>
          <name>two_msnfp_FundraisingandEngagement_canvasappid_two_generategiftacknowledgement_4d7bc</name>
        </appelement>
        <appelement uniquename="two_msnfp_FundraisingandEngagement_canvasappid_two_writeproposal_5b3b6">
          <canvasappid>
            <name>two_writeproposal_5b3b6</name>
          </canvasappid>
          <iscustomizable>1</iscustomizable>
          <name>two_msnfp_FundraisingandEngagement_canvasappid_two_writeproposal_5b3b6</name>
        </appelement>
      </appelements>
    </AppModule>
  </AppModules>
  <EntityDataProviders />
  <CanvasApps>
    <CanvasApp>
      <Name>two_generategiftacknowledgement_4d7bc</Name>
      <AppVersion>2023-06-07T16:07:35Z</AppVersion>
      <Status>Ready</Status>
      <CreatedByClientVersion>3.23053.41.0</CreatedByClientVersion>
      <MinClientVersion>3.23053.41.0</MinClientVersion>
      <Tags>{"primaryDeviceWidth":"500","primaryDeviceHeight":"768","supportsPortrait":"true","supportsLandscape":"true","primaryFormFactor":"Tablet","publisherVersion":"3.23053.41","minimumRequiredApiVersion":"2.2.0","hasComponent":"false","hasUnlockedComponent":"false","isUnifiedRootApp":"false","sienaVersion":"20230607T152815Z-3.23053.41.0"}</Tags>
      <IsCdsUpgraded>0</IsCdsUpgraded>
      <GalleryItemId xsi:nil="true"></GalleryItemId>
      <BackgroundColor>RGBA(0,176,240,1)</BackgroundColor>
      <DisplayName>Write Gift Acknowledgement</DisplayName>
      <Description>Thanking donors is the cornerstone of good donor stewardship. With this Open AI solution in the Microsoft Cloud for Nonprofit, donors can generate, customize, and send targeted gift acknowledgements to donors to thank them for their contributions to your mission. 

With the click of a button, fundraisers can generate a draft acknowledgement email or letter that can be edited and sent to donors. The draft acknowledgement is generated by Open AI based on the context of a transaction, a donor’s profile, taxable amounts, and designated funds in the Microsoft Cloud for Nonprofit.</Description>
      <CommitMessage xsi:nil="true"></CommitMessage>
      <Publisher xsi:nil="true"></Publisher>
      <AuthorizationReferences>[]</AuthorizationReferences>
      <ConnectionReferences>{"43b17474-f313-44c8-9f8d-4bc6ec573a24":{"id":"/providers/microsoft.powerapps/apis/shared_logicflows","displayName":"Logic flows","iconUri":"https://connectoricons-prod.azureedge.net/releases/v1.0.1636/1.0.1636.3297/logicflows/icon.png","dataSources":["CallOpenAIforGiftAcknowledgement"],"dependencies":[],"dependents":[],"parameterHints":{"workflowName":{"value":"580e9c67-b5df-4454-97b9-71c2058cf2f0"},"workflowEntityId":{"value":"8e1cceec-fbfe-ed11-8f6e-00224804902a"}},"parameterHintsV2":{"workflowName":{"value":"580e9c67-b5df-4454-97b9-71c2058cf2f0"},"workflowEntityId":{"value":"8e1cceec-fbfe-ed11-8f6e-00224804902a"}},"isOnPremiseConnection":false,"bypassConsent":false,"dataSets":{},"apiTier":"Standard","actions":["Run"]}}</ConnectionReferences>
      <DatabaseReferences>{"default.cds":{"databaseDetails":{"referenceType":"Environmental","environmentName":"default.cds","overrideValues":{"status":"NotSpecified"}},"dataSources":{"Transactions":{"entitySetName":"msnfp_transactions","logicalName":"msnfp_transaction"},"Activities":{"entitySetName":"activitypointers","logicalName":"activitypointer"},"Designations":{"entitySetName":"msnfp_designations","logicalName":"msnfp_designation"},"Campaigns":{"entitySetName":"campaigns","logicalName":"campaign"},"Appeals":{"entitySetName":"msnfp_appeals","logicalName":"msnfp_appeal"},"Accounts":{"entitySetName":"accounts","logicalName":"account"},"Email Messages":{"entitySetName":"emails","logicalName":"email"}}}}</DatabaseReferences>
      <AppComponents>[]</AppComponents>
      <AppComponentDependencies>[]</AppComponentDependencies>
      <CanConsumeAppPass>1</CanConsumeAppPass>
      <CanvasAppType>2</CanvasAppType>
      <BypassConsent>0</BypassConsent>
      <AdminControlBypassConsent>0</AdminControlBypassConsent>
      <EmbeddedApp xsi:nil="true"></EmbeddedApp>
      <IntroducedVersion>1.0</IntroducedVersion>
      <CdsDependencies>{"cdsdependencies":[{"dependencyid":"8e1cceec-fbfe-ed11-8f6e-00224804902a","componenttype":29,"componenttypeplatformname":"Workflow"},{"logicalname":"msnfp_transaction","componenttype":1},{"logicalname":"activitypointer","componenttype":1},{"logicalname":"msnfp_designation","componenttype":1},{"logicalname":"campaign","componenttype":1},{"logicalname":"msnfp_appeal","componenttype":1},{"logicalname":"account","componenttype":1},{"logicalname":"email","componenttype":1}]}</CdsDependencies>
      <IsCustomizable>1</IsCustomizable>
      <BackgroundImageUri>/CanvasApps/two_generategiftacknowledgement_4d7bc_BackgroundImageUri</BackgroundImageUri>
      <DocumentUri>/CanvasApps/two_generategiftacknowledgement_4d7bc_DocumentUri.msapp</DocumentUri>
    </CanvasApp>
    <CanvasApp>
      <Name>two_fundraisingandengagementdefaultcommandlibrary_63935</Name>
      <AppVersion>2023-06-01T16:58:37Z</AppVersion>
      <Status>Ready</Status>
      <CreatedByClientVersion>3.23052.29.0</CreatedByClientVersion>
      <MinClientVersion>0.0.0.0</MinClientVersion>
      <Tags>{"primaryDeviceWidth":"640","primaryDeviceHeight":"1136","sienaVersion":"20230601T165141Z-3.23052.29.0","deviceCapabilities":"","supportsPortrait":"true","supportsLandscape":"false","primaryFormFactor":"Phone","publisherVersion":"3.23052.29.0","minimumRequiredApiVersion":"2.2.0","hasComponent":"true","hasUnlockedComponent":"true","isUnifiedRootApp":"false"}</Tags>
      <IsCdsUpgraded>0</IsCdsUpgraded>
      <GalleryItemId xsi:nil="true"></GalleryItemId>
      <BackgroundColor>rgba(0, 176, 240, 1)</BackgroundColor>
      <DisplayName>FundraisingandEngagement_DefaultCommandLibrary</DisplayName>
      <Description xsi:nil="true"></Description>
      <CommitMessage>Saved by Command designer.</CommitMessage>
      <Publisher xsi:nil="true"></Publisher>
      <AuthorizationReferences>[]</AuthorizationReferences>
      <ConnectionReferences>{}</ConnectionReferences>
      <DatabaseReferences>{"default.cds":{"databaseDetails":{"referenceType":"Environmental","environmentName":"default.cds"},"dataSources":{"Transactions":{"entitySetName":"msnfp_transactions","logicalName":"msnfp_transaction"}}}}</DatabaseReferences>
      <AppComponents>[]</AppComponents>
      <AppComponentDependencies>[]</AppComponentDependencies>
      <CanConsumeAppPass>1</CanConsumeAppPass>
      <CanvasAppType>1</CanvasAppType>
      <BypassConsent>0</BypassConsent>
      <AdminControlBypassConsent>0</AdminControlBypassConsent>
      <EmbeddedApp xsi:nil="true"></EmbeddedApp>
      <IntroducedVersion>1.0</IntroducedVersion>
      <CdsDependencies>{"cdsdependencies":[{"logicalname":"msnfp_transaction","componenttype":1}]}</CdsDependencies>
      <IsCustomizable>1</IsCustomizable>
      <BackgroundImageUri>/CanvasApps/two_fundraisingandengagementdefaultcommandlib86872_BackgroundImageUri</BackgroundImageUri>
      <DocumentUri>/CanvasApps/two_fundraisingandengagementdefaultcommandlib23104_DocumentUri.msapp</DocumentUri>
    </CanvasApp>
  </CanvasApps>
  <Languages>
    <Language>1033</Language>
  </Languages>
</ImportExportXml>